{
	"kolya": {
		"x": 105.99378016218448,
		"y": 0.6381164348350126,
		"rot": -86.54794520547944
	},
	"galya": {
		"x": 193.55562164768114,
		"y": 134.00080828989127,
		"rot": 19.972602739726028
	},
	"egor": {
		"x": 166.0346672414297,
		"y": 175.72562222377525,
		"rot": 55.23835616438356
	},
	"chris": {
		"x": 158.18994530695832,
		"y": 181.90267505785062,
		"rot": 58.43835616438355
	},
	"katya-2": {
		"x": 151.8581017814492,
		"y": 191.0322222748075,
		"rot": 59.42465753424659
	},
	"seryozha": {
		"x": 141.62647381826324,
		"y": 192.83429784959344,
		"rot": 63.610958904109566
	},
	"nastya": {
		"x": 134.13622225769967,
		"y": 195.20248019995557,
		"rot": 70.27397260273972
	},
	"katya-1": {
		"x": 77.47101533285928,
		"y": 196.95954907134077,
		"rot": -91.09236773670352
	},
	"valeria": {
		"x": 69.75292149643086,
		"y": 199.84658981782468,
		"rot": -76.57987482537311
	},
	"vika": {
		"x": 57.326374520296476,
		"y": 189.9314794422287,
		"rot": 304.6777970905182
	},
	"ira": {
		"x": 40.40121176439861,
		"y": 177.7283551678404,
		"rot": -51.56017484315862
	},
	"anya": {
		"x": 3.2915904911150164,
		"y": 115.53049537238932,
		"rot": -7.750282095938786
	},
	"natasha": {
		"x": 15.349637731100657,
		"y": 37.93459111835757,
		"rot": 388.04482730499257
	},
	"yulya-1": {
		"x": 26.181113785135793,
		"y": 35.62232689629943,
		"rot": 404.37172242039657
	},
	"gazik": {
		"x": 37.771653771209,
		"y": 20.27279741594019,
		"rot": 409.6243714374263
	},
	"marusya": {
		"x": 59.56548690338952,
		"y": 5.559454115882858,
		"rot": 423.3148128688514
	}
}
